State,Notes,Total Medicaid Enrollees,Comprehensive MCO with or without MLTSS,PCCM,MLTSS only,BHO (PIHP and/or PAHP),Dental,Transportation,PACE,Other,Year,PCCM Entity
Kentucky,,"1,361,722","1,262,610",--,--,--,--,"1,225,842",--,--,2016,--
South Dakota,,"125,395",--,"94,295",--,--,--,--,--,--,2016,--
Montana,,"207,340",--,"121,277",--,--,--,--,--,--,2016,--
Alabama4,"Beneficiaries can simultaneously enroll in Alabama's Patient 1st and Health Homes plans. The de-duplicated Patient 1st plan enrollment is 416,332.","1,037,037",--,"416,332",--,--,--,--,175,"17,661",2016,--
California,,"13,739,388","10,565,689",--,--,25,"949,591",--,"6,053",771,2016,--
Missouri,,"982,776","494,392",--,--,--,--,"467,290",--,--,2016,--
Northern Mariana Islands,,n/a,n/a,n/a,n/a,n/a,n/a,n/a,n/a,n/a,2016,n/a
Louisiana,,"1,504,333","1,263,151",--,--,"114,278","1,316,034",--,411,--,2016,--
New Jersey,,"1,679,572","1,556,150",--,--,--,--,"1,556,150",931,--,2016,--
TOTALS,,"80,263,839","54,549,119","2,961,240","304,748","11,255,129","6,686,542","13,647,373","39,653","32,295",2016,"2,438,400"
Arkansas6,"Arkansas is unable to report enrollment as of July 1, 2016. Enrollment figures represent cumulative enrollment for the state fiscal year (July 1,2015-June 30, 2016).","1,026,621",--,"508,813",--,--,--,"512,041",167,--,2016,--
District of Columbia,,"251,791","180,942",--,--,--,--,"53,970",--,--,2016,--
Wyoming,,"64,442",--,--,--,--,--,--,112,279,2016,--
Pennsylvania,,"2,753,618","2,227,383",--,--,"2,514,920",--,"611,477","5,732",--,2016,--
Massachusetts,,"1,889,306","870,318","391,166",--,"462,347",--,--,"4,049",--,2016,--
North Dakota,,"93,422","21,232","48,264",--,--,--,--,115,223,2016,--
Michigan9,"Michigan has two programs that provide HCBS waiver services under capitation: MI Choice and the Specialty Prepaid Inpatient Health Plan (SPIHP). In this table, MI Choice is reported as an MLTSS program and SPIHP is reported as a BHO. In Table 6, both programs are considered in the count of LTSS users.","4,448,582","2,218,308",--,"11,377","2,192,335","823,290",--,"1,721",--,2016,--
Virginia,,"1,111,999","759,579",--,--,--,--,--,"1,440",--,2016,--
Hawaii8,"Hawaii's enrollment in comprehensive MCOs includes 5,506 beneficiaries who are also enrolled in Ohana Community Care Service for behavioral health services.","358,302","354,289",--,--,--,--,--,--,--,2016,--
Delaware,,"221,229","195,911",--,--,--,--,--,191,--,2016,--
Washington12,"Washington's enrollment in comprehensive MCOs includes 21,412 beneficiaries in Health Homes that provide services under contract with a comprehensive MCO.","1,820,084","1,556,853","9,082",--,"1,820,084",--,"1,820,084",568,--,2016,--
Guam,,n/a,n/a,n/a,n/a,n/a,n/a,n/a,n/a,n/a,2016,n/a
Oregon10,"Oregon’s enrollment in comprehensive MCOs includes beneficiaries in (1) Coordinated Care Organizations (CCOs); (2) Dental Care Organizations (DCOs), like Access Dental Plan, LLC; Advantage Dental Services; Capitol Dental Care, Inc.; CareOregon Dental; Family Dental Care; and ODS Community Health, Inc., or (3) the Mental Health Organization called Greater Oregon Behavioral Health, Inc. CCO enrollees receive physical, dental and mental health services and may be enrolled in more than one plan type simultaneously. Plan-level enrollment is found in Report 5.","1,109,321","893,387",--,--,--,--,--,"1,156",--,2016,--
Alaska5,"Alaska was not able to provide total Medicaid enrollment as of July 1, 2016.  This figure is from the April - June 2016 enrollment data collected through the Medicaid Budget and Expenditure System, updated September 2017, and accessed February 15, 2017. See https://www.medicaid.gov/medicaid/program-information/downloads/cms-64-enrollment-report-apr-jun-2016.pdf.","155,865",--,--,--,--,--,--,--,--,2016,--
New Hampshire,,"206,997","136,985",--,--,--,--,--,--,--,2016,--
New Mexico,,"884,368","683,701",--,--,--,--,--,787,--,2016,--
South Carolina,,"1,235,361","742,134",302,--,--,--,"1,235,361",394,--,2016,--
Indiana,,"1,421,696","1,078,625",--,--,--,--,--,--,--,2016,--
Maine,,"277,697",--,"152,642",--,--,--,"239,953",--,--,2016,--
Rhode Island,,"293,676","251,437",0,--,--,"94,318","277,378",277,--,2016,--
Mississippi,,"726,473","499,365",--,--,--,--,--,--,--,2016,--
Georgia,,"1,857,292","1,218,210",--,--,--,--,--,--,"10,490",2016,--
West Virginia,,"553,318","390,083",--,--,--,--,--,--,--,2016,--
Utah,,"294,707","244,763",--,--,"288,529","139,243","247,595",--,--,2016,--
Colorado,,"1,344,548","131,693",--,--,"1,287,238",--,--,"3,099",--,2016,"942,295"
Ohio,,"3,022,121","2,454,836",--,--,--,--,--,388,--,2016,--
American Samoa,,n/a,n/a,n/a,n/a,n/a,n/a,n/a,n/a,n/a,2016,n/a
New York,,"6,139,403","4,506,561",--,"157,229",--,--,--,"5,554",--,2016,--
Texas,,"4,051,664","3,581,401","11,969",--,"499,259","2,935,496","3,922,822","1,203",--,2016,--
Iowa,,"624,973","562,087",--,--,--,"150,413","13,395",295,--,2016,--
Vermont,,"200,481","124,399",--,--,--,--,--,--,--,2016,--
Illinois,,"3,230,870","1,967,553","366,520",214,--,--,--,--,--,2016,--
Nevada,,"629,265","401,434","38,252",--,--,--,"557,397",--,--,2016,--
Florida,,"3,900,380","3,186,511",--,"92,350",--,--,--,"1,326",--,2016,--
Puerto Rico,,"1,617,501","1,617,501",--,--,--,--,--,--,--,2016,--
Oklahoma,,"792,387",--,"532,213",--,--,--,"643,789",310,--,2016,--
Minnesota,,"1,088,610","814,947",--,--,--,--,--,--,--,2016,--
Wisconsin,,"1,204,511","753,583",--,"43,578","1,288",--,--,619,"2,871",2016,--
Maryland,,"1,324,796","1,079,985",--,--,--,--,--,100,--,2016,--
Connecticut7,"Connecticut was not able to provide total Medicaid enrollment as of July 1, 2016.  This figure is from the April - June 2016 enrollment data collected through the Medicaid Budget and Expenditure System accessed February 15, 2017, at https://www.medicaid.gov/medicaid/program-information/downloads/cms-64-enrollment-report-apr-jun-2016.pdf.","860,758",--,--,--,--,--,--,--,--,2016,--
North Carolina,,"2,028,935",--,--,--,"1,581,301",--,--,"1,636",--,2016,"1,496,105"
Nebraska,,"244,355","191,346",--,--,"232,507",--,--,133,--,2016,--
Virgin Islands,,n/a,n/a,n/a,n/a,n/a,n/a,n/a,n/a,n/a,2016,n/a
Kansas,,"435,850","390,398",--,--,--,--,--,431,--,2016,--
Arizona,,"1,849,166","1,560,972",--,--,--,--,--,--,--,2016,--
Tennessee11,"Tennessee’s enrollment in comprehensive MCOs includes 1,403,823 beneficiaries who are also enrolled in Magellan Health Services for pharmacy benefits and 889,454 beneficiaries who are also enrolled in DentaQuest USA Insurance Company for dental services. For purposes of this report, partial duals are included in the count of Total Medicaid Enrollees; however, Tennessee does not generally include partial duals in counts of Medicaid enrollees in other data sources.","1,684,268","1,556,089",--,--,--,--,--,280,--,2016,--
Idaho,,"295,267","2,326","270,113",--,"261,018","278,157","262,829",--,--,2016,--
Rhode Island,,"337,809","270,257",--,--,--,"104,666","278,402",293,--,2017,--
Washington13,"Washington is unable to provide separate counts of Medicaid-only and dual enrollment for their NEMT, ICMH, and PACE programs. As a result, enrollment counts presented in this table include both Medicaid-only and Medicare-Medicaid beneficiaries.","1,824,730","1,611,793","6,729",--,"1,824,730",--,"1,824,730",609,--,2017,--
North Carolina,,"2,110,914",--,--,--,"1,600,547",--,--,"1,943",--,2017,"1,510,955"
TOTALS,,"80,242,585","55,519,658","2,914,483","367,600","10,730,250","6,974,762","14,373,358","43,092","28,343",2017,"2,548,286"
Louisiana,,"1,626,037","1,377,682",--,--,"117,429","1,489,131",--,443,--,2017,--
Utah,,"284,316","235,408",--,--,"279,889","133,087","239,578",--,--,2017,--
Mississippi,,"708,992","487,201",--,--,--,--,--,--,--,2017,--
Arizona,,"1,917,183","1,617,558",--,--,--,--,--,--,--,2017,--
New Hampshire,,"204,458","133,811",--,--,--,--,--,--,--,2017,--
Indiana,,"1,475,463","1,138,236",--,--,--,--,--,132,--,2017,--
American Samoa,,n/a,n/a,n/a,n/a,n/a,n/a,n/a,n/a,n/a,2017,n/a
Missouri,,"983,835","733,120",--,--,--,--,"242,177",--,--,2017,--
South Carolina,,"1,217,302","772,074",456,--,--,--,"1,217,302",439,--,2017,--
Guam,,n/a,n/a,n/a,n/a,n/a,n/a,n/a,n/a,n/a,2017,n/a
New York,,"6,105,120","4,520,640",--,"184,298",--,--,--,"5,671",--,2017,--
Georgia8,"Georgia is unable to provide separate counts of managed care and fee-for-service beneficiaries for their NEMT program (which uses both payment models). As a result, enrollment counts presented in this table include enrollees in both managed care and FFS.","1,813,016","1,247,705",--,--,--,--,"1,556,221",--,"9,104",2017,--
Nevada,,"653,968","448,513","38,543",--,--,--,"578,683",--,--,2017,--
Alabama4,"Beneficiaries can simultaneously enroll in Alabama's two PCCM programs: Patient 1st and Health Homes. The de-duplicated Patient 1st enrollment is 380,285.","1,019,417",--,"611,251",--,--,--,--,174,"22,844",2017,--
Connecticut7,"Connecticut did not provide total Medicaid enrollment as of July 1, 2017. This figure is from the September - December 2016 enrollment data collected through the Medicaid Budget and Expenditure System, updated December 2017, and accessed August 31, 2018. See https://data.medicaid.gov/Enrollment/2016-4Q-Medicaid-MBES-Enrollment/capi-ym43.","860,758",--,--,--,--,--,--,--,--,2017,--
Oklahoma,,"808,267",--,"538,738",--,--,--,"652,952",410,--,2017,--
Virginia,,"1,083,750","722,399",--,--,--,--,--,"1,497",--,2017,--
Kentucky,,"1,403,257","1,251,070",--,--,--,--,"1,251,301",--,--,2017,--
Ohio,,"3,083,411","2,550,962",--,--,--,--,--,416,--,2017,--
Illinois,,"3,192,569","1,884,379","320,335","28,223",--,--,--,--,--,2017,--
Texas,,"4,038,159","3,691,816","8,573",--,--,"2,933,650","3,214,869","1,230",--,2017,--
Colorado6,"Colorado reported plan level enrollment as 30 for plans that had less than 30 beneficiaires. As a result, Medicaid Enrollment in Comprehensive Managed Care may be slightly inflated. ted.","1,381,208","137,240",--,--,"1,322,757",--,--,"3,646",--,2017,"1,037,331"
Alaska5,,"155,865",--,--,--,--,--,--,--,--,2017,--
Hawaii9,"Hawaii's enrollment in comprehensive MCOs includes 4,918 beneficiaries who enrolled in an MCO plus Ohana Community Care Service for behavioral health services.","365,087","360,905",--,--,--,--,--,--,--,2017,--
Montana,,"230,296",--,"175,012",--,--,--,--,--,--,2017,--
Wyoming,,"61,529",--,--,--,--,--,--,129,266,2017,--
Massachusetts,,"1,874,779","847,708","393,076",--,"453,630",--,--,"3,664",--,2017,--
Kansas,,"416,645","398,013",--,--,--,--,--,543,--,2017,--
Oregon11,"Oregon’s enrollment in comprehensive MCOs includes beneficiaries in (1) Coordinated Care Organizations (CCOs); (2) Dental Care Organizations (DCOs), like Access Dental Plan, LLC; Advantage Dental Services; Capitol Dental Care, Inc.; CareOregon Dental; Family Dental Care; Managed Dental Care or Oregon; and ODS Community Health, Inc., or (3) the Mental Health Organization called Greater Oregon Behavioral Health, Inc. CCO enrollees receive physical, dental and mental health services and may be enrolled in more than one plan type simultaneously. Plan-level enrollment is found in Report 5.","1,067,322","858,382",--,--,--,--,--,"1,252",--,2017,--
South Dakota,,"124,676",--,"93,369",--,--,--,--,--,--,2017,--
New Mexico,,"898,965","695,017",--,--,--,--,--,755,--,2017,--
Delaware,,"222,859","207,997",--,--,--,--,--,224,--,2017,--
Virgin Islands,,n/a,n/a,n/a,n/a,n/a,n/a,n/a,n/a,n/a,2017,n/a
Maryland,,"1,326,080","1,161,213",--,--,--,--,--,102,--,2017,--
Wisconsin,,"1,197,770","748,090",--,"46,013","1,245",--,--,574,"3,118",2017,--
California,,"13,515,168","10,798,374",--,--,23,"903,991",--,"6,858",681,2017,--
Northern Mariana Islands,,n/a,n/a,n/a,n/a,n/a,n/a,n/a,n/a,n/a,2017,n/a
District of Columbia,,"265,547","196,704",--,--,--,--,"74,396",--,--,2017,--
Idaho,,"299,253","2,290","276,411",--,"290,463","290,463","292,732",--,--,2017,--
Pennsylvania,,"2,835,800","2,259,379",--,--,"2,552,587",--,"622,053","6,289",149,2017,--
Nebraska,,"247,894","246,472",--,--,--,0,--,161,--,2017,--
Tennessee12,"Tennessee’s enrollment in comprehensive MCOs includes 1,262,221 beneficiaries who enrolled in an MCO plus Magellan Health Services for pharmacy benefits and 821,212 beneficiaries who enrolled in an MCO plus DentaQuest USA Insurance Company for dental services.","1,522,658","1,409,266",--,--,--,--,--,289,--,2017,--
TOTALS,,"79,898,701","55,558,458","2,583,532","403,798","7,717,977","8,292,589","15,204,939","48,395","66,486",2017,"2,910,656"
Iowa,,"623,501","556,389",--,--,--,"153,985","11,814",352,--,2017,--
Alabama4,,"1,037,814",--,"396,912",--,--,--,--,172,"14,848",2017,--
Michigan10,"Michigan has two programs that provide HCBS waiver services under capitation: MI Choice and the Specialty Prepaid Inpatient Health Plan (SPIHP). In this table, MI Choice is reported as an MLTSS program and SPIHP is reported as a BHO. In Table 6, both programs are considered in the count of LTSS users.","4,668,815","2,411,048",--,"11,428","2,286,950","965,789",--,"2,046",--,2017,--
Vermont,,"183,918","96,823",--,--,--,--,--,--,--,2017,--
Maine,,"273,451",--,"147,296",--,--,--,"238,193",--,--,2017,--
North Dakota,,"92,595","20,515","49,399",--,--,--,--,157,177,2017,--
Florida,,"3,916,490","3,181,088",--,"97,638",--,--,--,"1,615",--,2017,--
Arkansas,,"993,792",--,"469,634",--,--,--,"522,252",209,--,2017,--
New Jersey,,"1,678,888","1,559,423",--,--,--,--,"1,555,703",972,--,2017,--
West Virginia,,"521,186","424,662",--,--,--,--,--,--,--,2017,--
Minnesota,,"1,107,499","846,115",--,--,--,--,--,--,--,2017,--
Puerto Rico,,"1,401,921","1,401,921",--,--,--,--,--,--,--,2017,--
TOTALS,,"79,898,701","55,559,211","2,583,532","403,798","7,717,977","8,292,589","15,206,150","48,395","66,252",2018,"2,910,656"
Alabama4,"Beneficiaries can simultaneously enroll in Alabama's two PCCM programs: Patient 1st and Health Homes. The de-duplicated Patient 1st enrollment is 380,285.","1,019,417",--,"611,251",--,--,--,--,174,"22,844",2018,--
Alaska5,"Alaska was not able to provide total Medicaid enrollment as of July 1, 2018. This figure is from the July - September 2018 enrollment data collected through the Medicaid Budget and Expenditure System, updated December 2019, and accessed January 14, 2020. See https://data.medicaid.gov/Enrollment/2018-4Q-Medicaid-MBES-Enrollment/qjmt-6zzy.","198,417",-- ,--,--,--,--,--,--,--,2018,--
American Samoa,,n/a,n/a,n/a,n/a,n/a,n/a,n/a,n/a,n/a,2018,n/a
Arizona,,"1,849,465","1,560,593",--,--,--,--,--,--,--,2018,--
Arkansas,,"979,619",-- ,"445,284",-- ,-- ,"576,970","579,996",258,--,2018,"29,078"
California,,"13,140,347","10,653,598",-- ,-- ,32,"845,796",-- ,"7,784",670,2018,-- 
Colorado6," Colorado reported plan level enrollment as 0 for plans that had less than 30 beneficiaires. As a result, reported PACE program-level enrollment may be lower than actual enrollment.","1,302,808","118,408",-- ,-- ,0,-- ,-- ,"3,799",--,2018,"1,048,881"
Connecticut7,"Connecticut was not able to provide total Medicaid enrollment as of July 1, 2018. This figure is from the July - September 2018 enrollment data collected through the Medicaid Budget and Expenditure System, updated December 2019, and accessed January 14, 2020. See https://data.medicaid.gov/Enrollment/2018-4Q-Medicaid-MBES-Enrollment/qjmt-6zzy.","928,800",-- ,-- ,-- ,-- ,-- ,-- ,-- ,--,2018,-- 
Delaware,,"236,760","199,645",-- ,-- ,-- ,-- ,"208,802",242,--,2018,-- 
District of Columbia,,"264,984","190,116",-- ,-- ,-- ,-- ,"55,805",-- ,--,2018,-- 
Florida,,"3,885,169","3,026,316",-- ,"101,524",-- ,-- ,-- ,"1,679",--,2018,-- 
Georgia8,"Georgia is unable to provide separate counts of managed care and fee-for-service beneficiaires for their NEMT program (which uses both payment models). As a result, enrollment counts presented in this table include enrollees in both managed care and FFS.","2,074,310","1,445,804",-- ,-- ,-- ,-- ,"1,623,252",-- ,"39,446",2018,-- 
Guam,,n/a,n/a,n/a,n/a,n/a,n/a,n/a,n/a,n/a,2018,n/a
Hawaii9," Hawaii's enrollment in comprehensive MCOs includes 4,470 beneficiaries who enrolled in an MCO plus Ohana Community Care Service for behavioral health services.","355,873","351,685",-- ,-- ,-- ,-- ,-- ,-- ,--,2018,-- 
Idaho,,"300,252","3,799","254,791",-- ,"269,240","272,979","272,979",-- ,--,2018,-- 
Illinois,,"3,110,093","2,145,760",-- ,"31,143",-- ,-- ,-- ,-- ,--,2018,-- 
Indiana,,"1,457,544","1,126,133",-- ,-- ,-- ,-- ,-- ,292,--,2018,-- 
Iowa,,"626,011","564,492",-- ,-- ,-- ,"302,681","15,581",434,--,2018,-- 
Kansas,,"417,140","357,683",-- ,-- ,-- ,-- ,--,542,--,2018,-- 
Kentucky,,"1,385,239","1,259,525",-- ,-- ,-- ,-- ,"1,232,903",-- ,--,2018,-- 
Louisiana,,"1,640,075","1,384,784",-- ,-- ,"118,107","1,503,192",-- ,458,--,2018,-- 
Maine,,"270,243",-- ,"141,777",-- ,-- ,-- ,"234,327",-- ,--,2018,-- 
Maryland,,"1,401,781","1,169,603",-- ,-- ,-- ,-- ,-- ,105,--,2018,-- 
Massachusetts,,"1,865,755","746,051","119,512",-- ,"528,106",-- ,-- ,"4,522",--,2018,"339,350"
Michigan10,"10. Michigan has two programs that provide HCBS waiver services under capitation: MI Choice and the Specialty Prepaid Inpatient Health Plan (SPIHP). In this table, MI Choice is reported as an MLTSS program and SPIHP is reported as a BHO. In Table 6, both programs are considered in the count of LTSS users. ","4,623,834","2,377,009",-- ,"11,295","2,276,353","969,152",-- ,"2,545",--,2018,-- 
Minnesota,,"1,122,672","892,137",-- ,-- ,-- ,-- ,-- ,-- ,--,2018,-- 
Mississippi,,"683,577","441,782",-- ,-- ,-- ,-- ,-- ,-- ,--,2018,-- 
Missouri,,"971,143","712,335",-- ,-- ,-- ,-- ,"242,268",-- ,--,2018,-- 
Montana,,"291,890",-- ,"215,475",-- ,-- ,-- ,-- ,-- ,--,2018,-- 
Nebraska,,"250,056","248,832",-- ,-- ,-- ,"247,580",-- ,190,--,2018,-- 
Nevada,,"666,561","457,782",-- ,-- ,-- ,"457,782","588,111",-- ,--,2018,-- 
New Hampshire,,"200,850","133,829",-- ,-- ,-- ,-- ,-- ,-- ,--,2018,-- 
New Jersey,,"1,668,451","1,568,277",-- ,-- ,-- ,-- ,"1,561,266","1,067",--,2018,-- 
New Mexico,,"842,138","665,250",-- ,-- ,-- ,-- ,-- ,800,--,2018,-- 
New York,,"6,153,799","4,547,299",-- ,"211,268",-- ,-- ,-- ,"5,694",--,2018,-- 
North Carolina,,"2,178,225",-- ,-- ,-- ,"1,578,977",-- ,-- ,"2,112",--,2018,"1,493,347"
North Dakota,,"93,042","19,515","48,957",-- ,-- ,-- ,-- ,181,0,2018,-- 
Northern Mariana Islands,,n/a,n/a,n/a,n/a,n/a,n/a,n/a,n/a,n/a,2018,n/a
Ohio,,"2,915,546","2,449,577",-- ,-- ,-- ,-- ,-- ,454,--,2018,-- 
Oklahoma,,"880,954",-- ,"648,557",-- ,-- ,-- ,"648,557",466,--,2018,-- 
Oregon11,"Oregon’s enrollment in comprehensive MCOs includes beneficiaries in (1) Coordinated Care Organizations (CCOs); (2) Dental Care Organizations (DCOs), or (3) a Mental Health Organization. CCO enrollees receive physical, dental and mental health services and may be enrolled in more than one plan type simultaneously. Plan-level enrollment is found in Report 5. ","1,062,787","847,570",-- ,-- ,-- ,-- ,-- ,"1,392",--,2018,-- 
Pennsylvania,,"2,897,085","2,352,627",-- ,-- ,"896,466",-- ,"622,053","6,650",151,2018,-- 
Puerto Rico,,"1,505,610","1,505,610",-- ,-- ,-- ,-- ,-- ,-- ,--,2018,-- 
Rhode Island,,"313,095","247,983",-- ,-- ,-- ,"111,315","267,396",295,--,2018,-- 
South Carolina,,"1,195,703","745,469",558,-- ,-- ,-- ,"1,195,703",442,--,2018,-- 
South Dakota,,"123,890",-- ,"92,184",-- ,-- ,-- ,-- ,-- ,--,2018,-- 
Tennessee12,"Tennessee’s enrollment in comprehensive MCOs includes 1,241,360 beneficiaries who are also enrolled in an MCO plus Magellan Health Services for pharmacy benefits and 802,783 beneficiaries who are also enrolled in an MCO plus DentaQuest USA Insurance Company for dental services.","1,510,045","1,386,383",-- ,-- ,-- ,-- ,-- ,281,--,2018,-- 
Texas,,"3,981,912","3,694,211",-- ,-- ,-- ,"2,879,944","3,844,572","1,215",--,2018,-- 
Utah,,"275,511","226,893",-- ,-- ,"268,452","125,198","231,531",-- ,--,2018,-- 
Vermont,,"174,682","123,310",-- ,-- ,-- ,-- ,-- ,-- ,--,2018,-- 
Virgin Islands,,n/a,n/a,n/a,n/a,n/a,n/a,n/a,n/a,n/a,2018,n/a
Virginia,,"1,063,122","872,408",-- ,-- ,-- ,-- ,-- ,"2,943",--,2018,-- 
Washington,,"1,781,048","1,573,493","5,186",-- ,"1,781,048",-- ,"1,781,048",670,--,2018,-- 
West Virginia,,"505,528","407,193",-- ,-- ,-- ,-- ,-- ,-- ,--,2018,-- 
Wisconsin,,"1,197,453","758,442",-- ,"48,568","1,196",-- ,-- ,573,"3,141",2018,-- 
Wyoming,,"58,390",-- ,-- ,-- ,-- ,-- ,-- ,136,0,2018,--
TOTALS,,"78,737,936","55,157,090","2,612,803","552,658","9,262,546","10,398,696","13,508,968","51,654","99,035",2019,"2,994,995"
Alabama4,"Beneficiaries can simultaneously enroll in Alabama's two PCCM programs: Patient 1st and Health Homes. Total PCCM enrollment is 1,062,265, and the de-duplicated enrollment is 809,137. ","1,039,621",--,"809,137",--,--,--,--,173,"32,463",2019,"28,018"
Alaska5,"Alaska's Total Medicaid Enrollment as of July 1, 2019 was taken from the Medicaid Budget and Expenditure System, accessed June 16, 2021: https://data.medicaid.gov/Enrollment/State-Medicaid-and-CHIP-Applications-Eligibility-D/n5ce-jxme","207,174",--,--,--,--,--,--,--,--,2019,--
American Samoa,,n/a,n/a,n/a,n/a,n/a,n/a,n/a,n/a,n/a,2019,n/a
Arizona,,"1,874,857","1,580,628",--,--,--,--,--,--,--,2019,--
Arkansas,,"951,645","45,236","416,811",--,--,"581,778","663,301",364,--,2019,--
California,,"12,780,305","10,385,180",--,--,26,"800,356",--,"8,946",595,2019,--
Colorado6,"Colorado reported plan level enrollment as 0 for plans that had less than 30 beneficiaries. As a result, reported program-level enrollment may be lower than actual enrollment.","1,231,952","112,938",--,--,--,--,--,"4,333",--,2019,"1,019,506"
Connecticut7,"Connecticut's Total Medicaid Enrollment as of July 1, 2019 was taken from the Medicaid Budget and Expenditure System, accessed June 16, 2021: https://data.medicaid.gov/Enrollment/State-Medicaid-and-CHIP-Applications-Eligibility-D/n5ce-jxme","837,367",--,--,--,--,--,--,--,--,2019,--
Delaware,,"237,244","199,724",--,--,--,--,"208,650",261,--,2019,--
District of Columbia,,"267,329","194,136",--,--,--,--,"54,983",--,--,2019,--
Florida,,"3,813,067","2,967,589",--,"200,320",--,"3,095,204",--,"2,049",--,2019,--
Georgia8,"Georgia did not monitor NEMT program enrollment in 2019, so total enrollment in transportation programs is reported here as zero.","1,917,560","1,418,039",--,--,--,--,0,--,"48,261",2019,--
Guam,,n/a,n/a,n/a,n/a,n/a,n/a,n/a,n/a,n/a,2019,n/a
Hawaii9,"Hawaii's enrollment in comprehensive MCOs includes 4,463 beneficiaries who enrolled in an MCO plus Ohana Community Care Service for behavioral health services. ","327,893","327,762",--,--,--,--,--,--,--,2019,--
Idaho,,"291,466","12,230","247,524",--,"264,723","289,155","289,155",--,--,2019,--
Illinois,,"3,001,288","2,122,611",--,"52,450",--,--,--,--,--,2019,--
Indiana,,"1,462,152","1,074,346",--,--,--,--,--,402,--,2019,--
Iowa,,"642,329","602,684",--,--,--,"390,041","9,951",562,--,2019,--
Kansas,,"398,034","341,297",--,--,--,--,--,582,--,2019,--
Kentucky,,"1,353,368","1,224,145",--,--,--,--,"1,201,648",--,--,2019,--
Louisiana,,"1,622,025","1,356,398",--,--,"132,951","1,499,473",--,476,--,2019,--
Maine,,"258,581",--,"155,099",--,--,--,"242,488",--,--,2019,--
Maryland,,"1,457,966","1,190,456",--,--,--,--,--,103,--,2019,--
Massachusetts,,"1,829,245","726,804","106,929",--,"530,032",--,--,"4,884",--,2019,"356,253"
Michigan10,"Michigan has two programs that provide HCBS waiver services under capitation: MI Choice and the Specialty Prepaid Inpatient Health Plan (SPIHP). In this table, MI Choice is reported as an MLTSS program and SPIHP is reported as a BHO. In Table 6, both programs are considered in the count of LTSS users. ","4,713,103","2,443,239",--,"11,425","2,204,802","975,356",--,"3,169",--,2019,--
Minnesota,,"1,085,204","849,507",--,--,--,--,--,--,--,2019,--
Mississippi,,"673,247","436,028",--,--,--,--,--,--,--,2019,--
Missouri,,"858,077","596,646",--,--,--,--,"244,232",--,--,2019,--
Montana,,"254,273",--,"207,316",--,--,--,--,--,--,2019,--
Nebraska,,"248,377","247,285",--,--,--,"246,055",--,205,--,2019,--
Nevada,,"654,497","498,872",--,--,--,"498,872","575,184",--,--,2019,--
New Hampshire,,"193,363","173,073",--,--,--,--,--,--,--,2019,--
New Jersey,,"1,612,863","1,498,187",--,--,--,--,"1,486,074","1,152",--,2019,--
New Mexico,,"832,295","667,641",--,--,--,--,--,794,--,2019,--
New York,,"6,140,117","4,460,781",--,"238,684",--,--,--,"5,759",--,2019,--
North Carolina,,"2,173,625",--,--,--,"1,542,689",--,--,"2,310",--,2019,"1,591,218"
North Dakota,,"88,829","19,692","45,939",--,--,--,--,180,--,2019,--
Northern Mariana Islands,,n/a,n/a,n/a,n/a,n/a,n/a,n/a,n/a,n/a,2019,n/a
Ohio,,"2,823,271","2,371,042",--,--,--,--,--,543,--,2019,--
Oklahoma,,"790,443",--,"529,050",--,--,--,"645,075",537,--,2019,--
Oregon11,"Oregon Health Plan includes (1) Coordinated Care Organizations (CCOs); (2) Dental Care Organizations (DCOs), like Advantage Dental Services; Capitol Dental Care, Inc.; CareOregon Dental; Managed Dental Care of Oregon; ODS Community Health, Inc.; and Family Dental Care, or (3) the Mental Health Organization called Greater Oregon Behavioral Health, Inc. CCO enrollees receive physical, dental and mental health services and may be enrolled in more than one plan type simultaneously.","1,080,170","914,537",--,--,--,--,--,"1,481",--,2019,--
Pennsylvania,,"2,827,289","2,434,956",--,--,"2,587,654",--,"621,588","7,295",172,2019,--
Puerto Rico,,"1,331,694","1,331,694",--,--,--,--,--,--,--,2019,--
Rhode Island,,"312,141","258,954",--,--,--,"113,240","290,144",320,--,2019,--
South Carolina,,"1,253,433","801,150",666,--,--,--,"1,253,433",416,--,2019,--
South Dakota,,"122,209",--,"90,253",--,--,--,--,--,--,2019,--
Tennessee,,"1,565,485","1,437,402",--,--,--,--,--,285,--,2019,--
Texas,,"3,878,840","3,577,456",--,--,--,"1,710,062","3,740,712","1,177",--,2019,--
Utah,,"290,203","215,764",--,--,"255,795","199,104","239,666",--,--,2019,--
Vermont12,,"166,114","108,731",--,--,--,--,--,--,--,2019,--
Virgin Islands,,n/a,n/a,n/a,n/a,n/a,n/a,n/a,n/a,n/a,2019,n/a
Virginia,,"1,460,075","1,274,510",--,--,--,--,--,"1,418",--,2019,--
Washington,,"1,742,684","1,512,472","4,079",--,"1,742,684",--,"1,742,684",787,"14,298",2019,--
West Virginia,,"508,092","387,376",--,--,--,--,--,--,--,2019,--
Wisconsin,,"1,194,983","757,892",--,"49,779","1,190",--,--,554,"3,246",2019,--
Wyoming,,"60,472",--,--,--,--,--,--,137,--,2019,--
TOTALS,,"80,814,842","58,469,355","1,645,799","488,451","8,266,995","12,353,019","16,506,478","54,466","77,558",2020,"4,443,624"
Alabama,,"1,092,935",--,--,--,--,--,--,166,--,2020,"861,758"
Alaska4,"Alaska's Total Medicaid Enrollment as of July 1, 2020 was taken from the July - September 2020 enrollment data collected through the Medicaid Budget and Expenditure System, updated June 2021, and accessed April 20, 2022. See https://data.medicaid.gov/dataset/6c114b2c-cb83-559b-832f-4d8b06d6c1b9/.","222,723",--,--,--,--,--,--,--,--,2020,--
American Samoa,,n/a,n/a,n/a,n/a,n/a,n/a,n/a,n/a,n/a,2020,n/a
Arizona,,"2,013,348","1,711,292",--,--,--,--,--,--,--,2020,--
Arkansas,,"988,178","42,594",--,--,--,"608,149","815,723",344,--,2020,"410,481"
California,,"13,016,208","10,639,640",--,--,7,"805,658",--,"10,909",--,2020,--
Colorado5,"Colorado did not provide enrollment counts for plans with less than 30 beneficiaries. As a result, PACE program-level enrollment may be lower than actual enrollment.","1,316,543","129,369",--,--,--,--,--,"4,623",--,2020,"1,089,636"
Connecticut6,"Connecticut's Total Medicaid Enrollment as of July 1, 2020 was taken from the July - September 2020 enrollment data collected through the Medicaid Budget and Expenditure System, updated June 2021, and accessed April 20, 2022. See https://data.medicaid.gov/dataset/6c114b2c-cb83-559b-832f-4d8b06d6c1b9/.","990,928",--,--,--,--,--,--,--,--,2020,--
Delaware,,"248,794","211,908",--,--,--,--,"217,895",255,--,2020,--
District of Columbia,,"265,501","193,692",--,--,--,--,"53,900",--,--,2020,--
Florida,,"4,210,849","3,278,980",--,"119,623",--,"3,458,285",--,"2,291",--,2020,--
Georgia7," Georgia is unable to provide separate counts of managed care and fee-for-service beneficiaries for their NEMT program (which uses both payment models). As a result, enrollment counts presented in this table include enrollees in both managed care and FFS.","2,288,352","1,585,535",--,--,--,--,"1,766,478",--,"61,520",2020,--
Guam,,n/a,n/a,n/a,n/a,n/a,n/a,n/a,n/a,n/a,2020,n/a
Hawaii8,"Hawaii's enrollment in comprehensive MCOs includes 5,108 beneficiaries who enrolled in an MCO plus Ohana Community Care Service for behavioral health services.","360,381","360,277",--,--,--,--,--,--,--,2020,--
Idaho,,"375,710","25,711","289,464",--,"321,628","344,074","344,074",--,--,2020,--
Illinois,,"3,143,105","2,337,395",--,"56,910",--,--,--,--,--,2020,--
Indiana,,"1,597,421","1,199,990",--,--,--,--,--,454,--,2020,--
Iowa,,"673,328","602,684",--,--,--,"419,105","9,803",590,--,2020,--
Kansas,,"413,787","365,104",--,--,--,--,--,704,--,2020,--
Kentucky,,"1,503,931","1,365,246",--,--,--,--,"1,418,458",--,--,2020,--
Louisiana,,"1,731,060","1,468,380",--,--,"138,578","1,480,707",--,465,--,2020,--
Maine,,"291,765",--,"191,513",--,--,--,"265,968",--,--,2020,--
Maryland,,"1,483,337","1,256,167",--,--,--,--,--,120,--,2020,--
Massachusetts,,"1,893,605","756,892","92,072",--,"552,518",--,--,"4,955",--,2020,"390,763"
Michigan9,"Michigan has two programs that provide HCBS waiver services under capitation: MI Choice and the Specialty Prepaid Inpatient Health Plan (SPIHP). In this table, MI Choice is reported as an MLTSS program and SPIHP is reported as a BHO. In Table 6, both programs are considered in the count of LTSS users.","2,573,851","1,927,140",--,"11,879","2,415,313","975,356",--,"3,596",--,2020,--
Minnesota,,"1,119,244","941,818",--,--,--,--,--,--,--,2020,--
Mississippi,,"704,743","450,665",--,--,--,--,--,--,--,2020,--
Missouri,,"939,919","657,492",--,--,--,--,"267,575",--,--,2020,--
Montana,,"263,872",--,"235,052",--,--,--,--,--,--,2020,--
Nebraska,,"262,780","261,222",--,--,--,"260,100",--,216,--,2020,--
Nevada,,"720,389","558,040",--,--,--,"556,987","650,160",--,--,2020,--
New Hampshire,,"210,094","190,713",--,--,--,--,--,--,--,2020,--
New Jersey,,"1,683,987","1,587,796",--,--,--,--,"1,587,896","1,140",--,2020,--
New Mexico,,"876,406","717,801",--,--,--,--,--,854,--,2020,--
New York,,"6,458,770","4,760,049",--,"248,964",--,--,--,"5,512",--,2020,--
North Carolina,,"2,266,262",--,--,--,"1,601,688",--,--,"2,205",--,2020,"1,690,986"
North Dakota,,"94,716","21,497","52,810",--,--,--,--,176,--,2020,--
Northern Mariana Islands,,n/a,n/a,n/a,n/a,n/a,n/a,n/a,n/a,n/a,2020,n/a
Ohio,,"2,973,911","2,574,386",--,--,--,--,--,617,--,2020,--
Oklahoma,,"877,492",--,"701,359",--,--,--,"701,359",638,--,2020,--
Oregon10,"Oregon Health Plan includes (1) Coordinated Care Organizations (CCOs), (2) Dental Care Organizations (DCOs), and (3) the Mental Health Organization. CCO enrollees receive physical, dental and mental health services and may be enrolled in more than one plan type simultaneously.","1,159,844","969,719",--,--,--,--,--,"1,618",--,2020,--
Pennsylvania11,"Pennsylvania did not provide Medicaid only enrollment counts for plans with less than 11 beneficiaries. As a result, PACE program level enrollment may be slightly undercounted.","2,984,420","2,752,390",--,--,"2,804,800",--,"650,241","7,075",185,2020,--
Puerto Rico,,"1,283,091","1,283,091",--,--,--,--,--,--,--,2020,--
Rhode Island,,"309,491","266,861",--,--,--,"113,513","301,740",341,--,2020,--
South Carolina,,"1,277,117","841,387",756,--,--,--,"1,277,117",430,--,2020,--
South Dakota,,"123,000",--,"79,462",--,--,--,--,--,--,2020,--
Tennessee12,"Tennessee’s enrollment in comprehensive MCOs includes 1,312,229 beneficiaries who were also enrolled in OptumRx for pharmacy benefits and 862,017 beneficiaries who were also enrolled in DentaQuest USA Insurance Company for dental services.","1,582,708","1,464,590",--,--,--,--,--,273,--,2020,--
Texas,,"4,222,317","4,006,196",--,--,--,"3,115,343","4,073,144","1,195",--,2020,--
Utah,,"342,000","273,388",--,--,"283,756","215,742","274,825",--,--,2020,--
Vermont,,"174,068","118,656",--,--,--,--,--,--,--,2020,--
Virgin Islands,,n/a,n/a,n/a,n/a,n/a,n/a,n/a,n/a,n/a,2020,n/a
Virginia,,"1,473,316","1,398,958",--,--,--,--,--,"1,057",--,2020,--
Washington,,"1,830,122","1,607,696","3,311",--,"147,506",--,"1,830,122",965,"12,761",2020,--
West Virginia,,"534,107","429,336",--,--,--,--,--,--,--,2020,--
Wisconsin,,"1,308,070","877,612",--,"51,075","1,201",--,--,547,"3,092",2020,--
Wyoming,,"62,946",--,--,--,--,--,--,135,--,2020,--
TOTALS,,"90,519,895","67,655,060","2,142,801","555,988","8,005,984","14,062,551","14,217,057","59,788","366,572",2021,"3,184,167"
Alabama,,"1,198,510",--,--,--,--,--,--,161,--,2021,"951,013"
Alaska4,"Alaska's Total Medicaid Enrollment as of July 1, 2021 was taken from the July - September 2021 enrollment data collected through the Medicaid Budget and Expenditure System, updated January 2023, and accessed April 2, 2023. See https://data.medicaid.gov/dataset/6c114b2c-cb83-559b-832f-4d8b06d6c1b9/.","242,176",--,--,--,--,--,--,--,--,2021,--
American Samoa,,n/a,n/a,n/a,n/a,n/a,n/a,n/a,n/a,n/a,2021,n/a
Arizona,,"2,244,273","1,795,458",--,"62,938","61,894",--,--,--,--,2021,--
Arkansas,,"1,069,577","49,839","453,131",--,--,"723,012","909,865",430,"287,904",2021,--
California,,"14,150,266","11,650,518",--,--,--,"886,441",--,"13,295",--,2021,--
Colorado5,"Colorado did not provide enrollment counts for plans with fewer than 30 beneficiaries. As a result, PACE program-level enrollment may be lower than actual enrollment.","1,499,303","153,422",--,--,--,--,--,"4,818",--,2021,"1,264,505"
Connecticut6,"Connecticut's Total Medicaid Enrollment as of July 1, 2021 was taken from the July - September 2021 enrollment data collected through the Medicaid Budget and Expenditure System, updated January 2023, and accessed April 2, 2023. See https://data.medicaid.gov/dataset/6c114b2c-cb83-559b-832f-4d8b06d6c1b9/.","1,106,169",--,--,--,--,--,--,--,--,2021,--
Delaware,,"276,475","240,660",--,--,--,--,"244,822",253,--,2021,--
District of Columbia,,"285,297","231,323",--,--,--,--,"36,922",--,--,2021,--
Florida,,"4,871,362","3,808,931",--,"121,321",--,"4,049,723",--,"3,111",--,2021,--
Georgia,,"2,539,039","1,829,900",--,--,--,--,"1,990,527",--,"62,686",2021,--
Guam,,n/a,n/a,n/a,n/a,n/a,n/a,n/a,n/a,n/a,2021,n/a
Hawaii,,"420,033","420,033",--,--,--,--,--,--,--,2021,--
Idaho,,"421,589","23,603","340,606",--,"367,563","391,216","391,216",--,--,2021,--
Illinois,,"3,467,588","2,616,074",--,"64,799",--,--,--,--,--,2021,--
Indiana,,"1,870,171","1,473,626",--,--,--,--,--,428,--,2021,--
Iowa,,"749,862","703,448",--,--,--,"711,215",--,599,--,2021,--
Kansas,,"461,405","405,893",--,--,--,--,--,741,--,2021,--
Kentucky,,"1,584,976","1,416,189",--,--,--,--,"1,582,351",--,--,2021,--
Louisiana,,"1,894,676","1,616,662",--,--,"138,111","1,758,888",--,421,--,2021,--
Maine,,"331,396",--,"228,386",--,--,--,"326,611",--,--,2021,--
Maryland,,"1,780,886","1,520,492",--,--,--,--,--,107,--,2021,--
Massachusetts,,"2,091,955","842,924","112,733",--,"624,711",--,--,"5,080",--,2021,"449,121"
Michigan7,"Michigan reported a number for total enrollment in comprehensive managed care that was greater than total Medicaid enrollment and total Medicaid enrollment in any managed care, but did not provide an explanation for why this number was greater.","2,900,801","2,910,628",--,"12,288","2,700,042","814,699",--,"4,001",--,2021,--
Minnesota,,"1,253,815","1,086,715",--,--,--,--,--,--,--,2021,--
Mississippi,,"776,482","475,168",--,--,--,--,--,--,--,2021,--
Missouri,,"1,048,083","777,173",--,--,--,--,"267,152",--,--,2021,--
Montana,,"309,776",--,"245,390",--,--,--,--,--,--,2021,--
Nebraska,,"336,290","334,718",--,--,--,"296,127",--,213,--,2021,--
Nevada,,"847,650","641,100",--,--,--,"653,494","770,538",--,--,2021,--
New Hampshire,,"239,439","218,604",--,--,--,--,--,--,--,2021,--
New Jersey,,"1,892,091","1,819,895",--,--,--,--,"1,820,183","1,138",--,2021,--
New Mexico,,"941,830","780,811",--,--,--,--,--,"1,009",--,2021,--
New York,,"7,145,884","5,371,739",--,"243,332",--,--,--,"5,388",--,2021,--
North Carolina,,"2,557,593","1,547,885",--,--,"500,129",--,--,"2,090",--,2021,"519,528"
North Dakota,,"125,354","33,639","52,339",--,--,--,--,167,--,2021,--
Northern Mariana Islands,,n/a,n/a,n/a,n/a,n/a,n/a,n/a,n/a,n/a,2021,n/a
Ohio,,"3,238,849","2,782,234",--,--,--,--,--,657,--,2021,--
Oklahoma,,"1,065,121",--,"622,382",--,--,--,"1,039,676","1,171",--,2021,--
Oregon8,"Oregon Health Plan includes (1) Coordinated Care Organizations (CCOs), (2) Dental Care Organizations (DCOs), and (3) the Mental Health Organization. CCO enrollees receive physical, dental and mental health services and may be enrolled in more than one plan type simultaneously.","1,286,095","1,163,448",--,--,--,--,--,"1,551",--,2021,--
Pennsylvania9,"Pennsylvania did not provide Medicaid-only enrollment counts for plans with fewer than 11 beneficiaries. As a result, PACE program level enrollment may be slightly undercounted.","3,292,313","3,083,197",--,--,"3,110,478",--,"705,163","7,586",183,2021,--
Puerto Rico,,"1,501,860","1,501,860",--,--,--,--,--,--,--,2021,--
Rhode Island,,"339,276","286,708",--,--,--,"127,877","335,296",344,--,2021,--
South Carolina,,"1,446,070","961,934",890,--,--,--,"1,446,070",443,--,2021,--
South Dakota,,"137,268",--,"83,890",--,--,--,--,--,--,2021,--
Tennessee10,"Tennessee’s enrollment in comprehensive MCOs includes 1,438,599 beneficiaries who were also enrolled in OptumRx for pharmacy benefits and 929,377 beneficiaries who were also enrolled in DentaQuest USA Insurance Company for dental services.","1,717,984","1,596,211",--,--,--,--,--,271,--,2021,--
Texas,,"4,928,655","4,023,238",--,--,--,"3,432,747",--,"1,084",--,2021,--
Utah11,Utah Medicaid enrollment increased due to state Medicaid expansion in 2020.,"424,565","351,918",--,--,"335,584","217,112","342,010",--,--,2021,--
Vermont12,"The Department of Vermont Health Access, a state agency, acts as Vermont's single MCO entity via a managed care-like model that operates like a non-risk pre-paid inpatient health plan (PIHP).","191,240","131,002",--,--,--,--,--,,--,2021,--
Virgin Islands,,n/a,n/a,n/a,n/a,n/a,n/a,n/a,n/a,n/a,2021,n/a
Virginia,,"1,852,563","1,690,548",--,--,--,--,--,"1,608",--,2021,--
Washington,,"2,008,655","1,771,676","3,054",--,"166,465",--,"2,008,655","1,110","12,950",2021,--
West Virginia,,"599,336","488,048",--,--,--,--,--,--,--,2021,--
Wisconsin,,"1,484,746","1,025,968",--,"51,310","1,007",--,--,513,"2,849",2021,--
Wyoming13,"Wyoming's Total Medicaid Enrollment as of July 1, 2021 was taken from the July - September 2021 enrollment data collected through the Medicaid Budget and Expenditure System, updated January 2023, and accessed April 2, 2023. See https://data.medicaid.gov/dataset/6c114b2c-cb83-559b-832f-4d8b06d6c1b9/.","73,227",--,--,--,--,--,--,--,--,2021,--
TOTALS,--,"98,019,715","71,877,483","2,609,121","376,907","8,513,386","15,615,556","12,011,628","64,253","601,869",2022,"3,540,184"
Alabama,--,"1,287,819",--,--,--,--,--,--,179,--,2022,"1,027,935"
Alaska,"Total Medicaid Enrollment as of July 1, 2022, was taken from the July - September 2022 enrollment data collected through the Medicaid Budget and Expenditure System accessed April 18, 2024. See https://data.medicaid.gov/dataset/6c114b2c-cb83-559b-832f-4d8b06d6c1b9/.","254,283",--,--,--,--,--,--,--,--,2022,--
American Samoa,--,n/a,n/a,n/a,n/a,n/a,n/a,n/a,n/a,n/a,2022,n/a
Arizona,--,"2,412,424","1,938,718",--,"64,311","63,866",--,--,--,--,2022,--
Arkansas,--,"1,763,975","63,088","922,951",--,--,"790,615","1,066,599",938,--,2022,--
California,--,"15,136,020","12,764,684",--,--,--,"960,281",--,"16,581",--,2022,--
Colorado,--,"1,608,310",--,--,--,--,--,--,"4,525",--,2022,"1,511,124"
Connecticut,"Total Medicaid Enrollment as of July 1, 2022, was taken from the July - September 2022 enrollment data collected through the Medicaid Budget and Expenditure System accessed April 18, 2024. See https://data.medicaid.gov/dataset/6c114b2c-cb83-559b-832f-4d8b06d6c1b9/.","1,140,225",--,--,--,--,--,--,--,--,2022,--
Delaware,--,"302,869","261,488",--,--,--,--,"268,117",270,--,2022,--
District of Columbia,--,"300,381","259,159",--,--,--,--,"29,637",--,--,2022,--
Florida,--,"5,399,695","4,200,391",--,--,--,"4,239,522","284,683","2,526","536,159",2022,--
Georgia,--,"2,734,003","2,008,026",--,--,--,--,"2,160,715",--,"62,723",2022,--
Guam,--,n/a,n/a,n/a,n/a,n/a,n/a,n/a,n/a,n/a,2022,n/a
Hawaii,--,"450,268","450,159",--,--,--,--,--,--,--,2022,--
Idaho,--,"424,893","25,689","328,976",--,"378,435","404,124","404,124",--,--,2022,--
Illinois,--,"3,726,082","2,796,521",--,--,--,--,--,--,--,2022,--
Indiana,--,"2,070,992","1,659,261",--,--,--,--,--,454,--,2022,--
Iowa,--,"803,050","752,949",--,--,--,"760,782","11,676",612,--,2022,--
Kansas,--,"525,725","442,962",--,--,--,--,--,873,--,2022,--
Kentucky,--,"1,651,543","1,494,070",--,--,--,--,"1,494,070",--,--,2022,--
Louisiana,--,"1,985,537","1,694,042",--,--,"140,471","1,838,441",--,410,--,2022,--
Maine,--,"393,783",--,0,--,--,--,"345,429",--,--,2022,--
Maryland,--,"1,734,624","1,496,141",--,--,--,--,--,109,--,2022,--
Massachusetts,--,"2,091,955","842,924","112,733",--,"624,711",--,--,"5,080",--,2022,"449,121"
Michigan,--,"3,092,404","3,069,866",--,"11,355","2,897,223","1,159,753",--,"4,293",--,2022,--
Minnesota,--,"1,348,563","1,180,108",--,--,--,--,--,--,--,2022,--
Mississippi,--,"858,687","365,169",--,--,--,--,--,--,--,2022,--
Missouri,--,"1,278,851","1,016,503",--,--,--,--,"272,717",12,--,2022,--
Montana,--,"289,659",--,"247,719",--,--,--,--,--,--,2022,--
Nebraska,--,"374,783","373,286",--,--,--,"372,705",--,206,--,2022,--
Nevada,--,"923,168","698,726",--,--,--,"698,448","839,650",--,--,2022,--
New Hampshire,--,"256,087","236,926",--,--,--,--,--,--,--,2022,--
New Jersey,--,"2,022,155","2,018,064",--,--,--,--,"1,499,339","1,152",--,2022,--
New Mexico,--,"984,008","814,349",--,--,--,--,--,400,--,2022,--
New York,--,"7,589,766","5,633,689",--,"248,579",--,--,--,"7,095",--,2022,--
North Carolina,--,"2,804,306","1,698,648",--,--,"536,329",--,--,"2,031",--,2022,"548,225"
North Dakota,--,"133,631","36,680","67,874",--,--,--,--,185,--,2022,--
Northern Mariana Islands,--,n/a,n/a,n/a,n/a,n/a,n/a,n/a,n/a,n/a,2022,n/a
Ohio,--,"3,425,876","2,962,334",--,--,--,--,--,651,--,2022,--
Oklahoma,--,"1,273,948",--,"824,413",--,--,--,"1,273,948",713,--,2022,--
Oregon,--,"1,393,623","1,264,162",--,--,--,--,--,"1,617",--,2022,--
Pennsylvania,--,"3,534,344","3,281,244",--,--,"3,326,273",--,"742,598","7,722",182,2022,--
Puerto Rico,--,"1,597,058","1,594,058",--,--,--,--,--,--,--,2022,--
Rhode Island,--,"357,304","300,495",--,--,--,"134,096","350,130",398,--,2022,--
South Carolina,--,"1,550,759","1,045,162",--,--,--,--,--,488,--,2022,"1,003"
South Dakota,--,"149,096",--,"104,455",--,--,--,--,,--,2022,--
Tennessee,"Tennessee did not provide a count of unduplicated enrollees in comprehensive MCO programs. Therefore, this value is listed as missing in Table 2. In the 2021 MMCDCS Tennessee reported 1,596,211 enrollees in comprehensive MCO programs.","1,817,119",****,--,--,--,--,--,286,--,2022,--
Texas,--,"5,543,480","5,294,263",--,--,--,"4,023,171",--,"1,097",--,2022,--
Utah,--,"477,832","396,559",--,--,"362,219","233,618","379,916",,--,2022,--
Vermont,--,"199,989","134,337",--,--,--,--,--,--,--,2022,--
Virgin Islands,--,n/a,n/a,n/a,n/a,n/a,n/a,n/a,n/a,n/a,2022,n/a
Virginia,--,"1,978,005","1,792,399",--,--,--,--,--,"1,646",--,2022,--
Washington,--,"2,229,539","1,893,433",--,--,"182,980",--,--,"1,190",--,2022,"2,776"
West Virginia,--,"660,068","521,017",--,--,--,--,"588,280",--,--,2022,--
Wisconsin,--,"1,593,772","1,105,734",--,"52,662",879,--,--,514,"2,805",2022,--
Wyoming,"The "Total Medicaid Enrollees" column represents an unduplicated count of all beneficiaries in FFS and any type of managed care, including Medicaid-only and dually eligible individuals receiving full Medicaid benefits or Medicaid cost sharing.","83,379",--,--,--,--,--,--,--,--,2022,--
TOTALS,--,"99,780,667","74,589,444","2,049,490","399,031","8,448,165","15,052,165","12,874,828","72,170","709,532",2023,"3,347,588"
Alabama,--,"1,352,426",--,--,--,--,--,--,183,--,2023,"1,075,381"
Alaska,--,"256,483",--,--,--,--,--,--,--,--,2023,--
American Samoa,--,"33,887",--,--,--,--,--,--,--,--,2023,--
Arizona,--,"2,297,677","1,819,113",--,"66,304","61,128",--,--,--,--,2023,--
Arkansas,--,"1,023,415","53,813","411,963",--,--,"655,176","876,634",799,--,2023,--
California,--,"15,627,380","13,884,186",--,--,--,"1,078,372",--,"19,642",--,2023,--
Colorado,--,"1,688,331",--,--,--,--,--,--,"4,110",--,2023,"1,580,702"
Connecticut,--,"1,162,357",--,--,--,--,--,--,--,--,2023,--
Delaware,--,"321,567","276,360",--,--,--,--,"285,832",328,--,2023,--
District of Columbia,--,"311,457","268,117",--,--,--,--,"28,392",25,--,2023,--
Florida,--,"5,427,530","4,170,083",--,--,--,"4,169,945","287,458","2,706","643,147",2023,--
Georgia,--,"2,848,804","2,092,165",--,--,--,--,"2,441,126",--,"63,398",2023,--
Guam,--,"44,290",--,--,--,--,--,--,--,--,2023,--
Hawaii,--,"446,840","446,739",--,--,--,--,--,--,--,2023,--
Idaho,--,"376,448","23,067","304,189",--,"331,761","354,828","354,828",--,--,2023,--
Illinois,--,"4,002,692","2,978,426",--,--,--,--,--,--,--,2023,--
Indiana,--,"2,158,978","1,696,897",--,--,--,--,--,531,--,2023,--
Iowa,--,"781,911","731,569",--,--,--,"738,796",--,672,--,2023,--
Kansas,--,"525,820","434,833",--,--,--,--,--,987,--,2023,--
Kentucky,--,"1,642,210","1,496,335",--,--,--,--,"1,642,210",--,--,2023,--
Louisiana,--,"2,034,265","1,730,641",--,--,"146,067","1,883,524",--,399,--,2023,--
Maine,--,"423,137",--,--,--,--,--,"378,407",--,--,2023,--
Maryland,--,"1,714,781","1,597,700",--,--,--,--,--,115,--,2023,--
Massachusetts,--,"2,352,340","1,062,723","61,161",--,"469,225",--,--,"4,737",--,2023,"336,480"
Michigan,--,"3,177,991","3,173,634",--,"12,233","3,054,656","1,196,223",--,"4,898",--,2023,--
Minnesota,--,"1,390,570","1,226,005",--,--,--,--,--,--,--,2023,--
Mississippi,--,"835,547","394,680",--,--,--,--,--,--,--,2023,--
Missouri,--,"1,495,869","1,215,755",--,--,--,--,"277,226",49,--,2023,--
Montana,"Montana could not provide unduplicated data for their PCCM program which is the only managed care program in the state. As a result, the data for the PCCM program in Table 2 is equivalent to their total unduplicated number of managed care enrollees.","249,265",--,"226,358",--,--,--,--,--,--,2023,--
Nebraska,--,"401,247","397,418",--,--,--,"396,953",--,208,--,2023,--
Nevada,Nevada reported a number for total enrollment in "NEMT" that was greater than "Total Medicaid Enrollees" but did not provide an explanation for why this number was greater.,"881,956","664,568",--,--,--,"700,805","888,352",--,--,2023,--
New Hampshire,--,"213,224","189,740",--,--,--,"96,843",--,--,--,2023,--
New Jersey,--,"2,136,245","2,069,208",--,--,--,--,"2,070,497","1,289",--,2023,--
New Mexico,--,"955,289","783,265",--,--,--,--,--,382,--,2023,--
New York,--,"7,903,244","5,737,395",--,"266,772",--,--,--,"9,159",--,2023,--
North Carolina,--,"2,968,070","1,886,044",--,--,"535,386",--,--,"2,124",--,2023,"351,654"
North Dakota,--,"133,631","36,680","72,232",--,--,--,--,190,--,2023,--
Northern Mariana Islands,--,"17,129",--,--,--,--,--,--,--,--,2023,--
Ohio,--,"3,424,183","3,080,750",--,--,--,--,--,640,--,2023,--
Oklahoma,--,"1,317,840",--,"861,464",--,--,--,"1,317,840",792,--,2023,--
Oregon,--,"1,466,163","1,376,758",--,--,--,--,--,"3,368",--,2023,--
Pennsylvania,--,"3,577,205","3,312,543",--,--,"3,356,605",--,"752,289","7,991",189,2023,--
Puerto Rico,--,"1,571,315","1,571,315",--,--,--,--,--,--,--,2023,--
Rhode Island,--,"372,750","315,156",--,--,--,"143,241","367,859",407,--,2023,--
South Carolina,--,"1,574,873","1,013,441",--,--,--,--,--,509,--,2023,"1,014"
South Dakota,--,"126,186",--,"112,123",--,--,--,--,--,--,2023,--
Tennessee,"Tennessee's 2023 data submission indicated they were unable to provide an unduplicated count of enrollees in their ""Comprehensive MCO (with or without MLTSS)"" program. As a result, Tennessee's Medicaid enrollment by managed care program type is not reported in Table 2. The column ""Comprehensive MCO (with or without MLTSS)"" in Table 2 does not include PACE; therefore, we are unable to use the state-reported ""Total Medicaid Enrollment in Any Type of Managed Care"" as reported in Tables 1 and 4.","1,887,683",***,--,--,--,--,--,***,--,2023,--
Texas,--,"5,564,986","5,382,989",--,--,--,"3,438,321",--,"1,140",--,2023,--
Utah,--,"451,594","348,234",--,--,"333,959","199,138","361,136",--,--,2023,--
Vermont,--,"187,921","187,921",--,--,--,--,--,--,--,2023,--
Virgin Islands,--,"36,868",--,--,--,--,--,--,--,--,2023,--
Virginia,--,"2,125,259","2,029,023",--,--,--,--,--,"1,881",--,2023,--
Washington,--,"2,178,756","1,841,144",--,--,"158,470",--,--,"1,390",--,2023,"2,357"
West Virginia,--,"623,370","484,275",--,--,--,--,"544,742",--,--,2023,--
Wisconsin,--,"1,588,211","1,108,736",--,"53,722",681,--,--,519,"2,798",2023,--
Wyoming,--,"91,201",--,--,--,227,--,--,--,--,2023,--
TOTALS,--,"86,916,019","66,418,633","980,259","429,894","6,729,872","12,953,134","10,572,828","77,723","636,264",2024,"2,368,785"
Alabama,--,"1,098,614",--,--,--,--,--,--,193,--,2024,"837,612"
Alaska,--,"236,414",--,--,--,--,--,--,--,--,2024,--
American Samoa,--,"33,746",--,--,--,--,--,--,--,--,2024,--
Arizona,--,"2,181,548","1,716,161",--,"68,974","58,162",--,--,--,--,2024,--
Arkansas,--,"900,323","47,869","392,159",--,--,"597,017","777,129",799,--,2024,--
California,--,"14,904,950","14,305,060",--,--,--,"956,854",--,"22,587",--,2024,--
Colorado,--,"1,197,490",--,--,--,--,--,--,"4,376",--,2024,"1,075,056"
Connecticut,--,"1,085,951",--,--,--,--,--,--,--,--,2024,--
Delaware,--,"259,168","219,167",--,--,--,--,"236,213",370,--,2024,--
District of Columbia,--,"275,158","238,159",--,--,--,--,"25,938",61,--,2024,--
Florida,--,"4,363,948","3,050,800",--,--,--,"3,091,795","165,577","2,896","569,531",2024,--
Georgia,--,"2,314,875","1,594,095",--,--,--,--,"1,908,368",--,"63,797",2024,--
Guam,--,"34,824",--,--,--,--,--,--,--,--,2024,--
Hawaii,--,"432,222","432,125",--,--,--,--,--,--,--,2024,--
Idaho,--,"331,580","21,256","250,506",--,"286,845","308,110","308,110",--,--,2024,--
Illinois,--,"3,418,634","2,584,970",--,--,--,--,--,--,--,2024,--
Indiana,--,"1,972,638","1,608,993",--,--,--,--,--,671,--,2024,--
Iowa,--,"649,899","603,975",--,--,--,"630,265",--,721,--,2024,--
Kansas,--,"453,240","358,532",--,--,--,--,--,"1,045",--,2024,--
Kentucky,--,"1,449,651","1,303,955",--,--,--,--,"1,449,651",--,--,2024,--
Louisiana,--,"1,676,215","1,403,109",--,--,"127,243","1,532,936",--,436,--,2024,--
Maine,--,"415,298",--,--,--,--,--,"366,314",--,--,2024,--
Maryland,--,"1,762,462","1,665,870",--,--,--,--,--,105,--,2024,--
Massachusetts,--,"1,983,201","903,795","46,496",--,"365,663",--,--,"4,972",--,2024,"270,499"
Michigan,--,"2,416,518","2,362,189",--,"12,321","2,351,225","1,261,945",--,"5,333",--,2024,--
Minnesota,--,"1,204,793","1,003,639",--,--,--,--,--,--,--,2024,--
Mississippi,--,"645,050","478,746",--,--,--,--,--,--,--,2024,--
Missouri,--,"1,222,962","1,021,946",--,--,--,--,"244,150",73,--,2024,--
Montana,"Montana could not provide unduplicated data for their PCCM program. As a result, Montana's Medicaid enrollment by managed care program type is not reported in Table 2.","213,159",--,***,--,--,--,--,--,--,2024,***
Nebraska,--,"351,141","350,237",--,--,--,--,--,214,--,2024,--
Nevada,--,"824,507","613,298",--,--,--,"618,649","761,092",--,--,2024,--
New Hampshire,--,"199,513","181,676",--,--,--,"89,662",--,--,--,2024,--
New Jersey,--,"1,700,910","1,555,225",--,--,--,--,"1,556,565","1,340",--,2024,--
New Mexico,--,"900,757","735,171",--,--,--,--,--,451,--,2024,--
New York,--,"6,964,926","4,751,430",--,"295,661",--,--,--,"9,481",--,2024,--
North Carolina,--,"3,057,965","2,417,931",--,--,"362,730",--,--,"2,157",--,2024,"182,777"
North Dakota,--,"105,070","24,356",--,--,--,--,--,190,--,2024,--
Northern Mariana Islands,--,"20,200",--,--,--,--,--,--,--,--,2024,--
Ohio,--,"3,018,792","2,718,815",--,--,--,--,--,664,--,2024,--
Oklahoma,--,"1,040,358","567,698","184,226",--,--,"613,512","1,040,358",795,--,2024,--
Oregon,--,"1,340,084","1,309,000",--,--,--,--,--,"3,713",--,2024,--
Pennsylvania,--,"2,967,715","2,738,844",--,--,"2,782,849",--,"646,232","7,886",184,2024,--
Puerto Rico,--,"1,400,933","1,400,933",--,--,--,--,--,--,--,2024,--
Rhode Island,--,"317,797","267,202",--,--,--,"132,957","312,709",410,--,2024,--
South Carolina,--,"1,354,616","812,589",--,--,--,--,--,539,--,2024,995
South Dakota,--,"144,864",--,"106,872",--,--,--,--,--,--,2024,--
Tennessee,"Tennessee's 2024 data submission indicated they were unable to provide an unduplicated count of enrollees in their ""Comprehensive MCO (with or without MLTSS)"" program. As a result, Tennessee's Medicaid enrollment by managed care program type is not reported in Table 2. The column ""Comprehensive MCO (with or without MLTSS)"" in Table 2 does not include PACE; therefore, we are unable to use the state-reported ""Total Medicaid Enrollment in Any Type of Managed Care"" as reported in Tables 1 and 4. ","1,526,625",***,--,--,--,--,--,***,--,2024,--
Texas,--,"4,141,972","3,842,754",--,--,--,"2,904,560",--,"1,136",--,2024,--
Utah,--,"331,012","260,258",--,--,"254,488","214,872","318,323",--,--,2024,--
Vermont,--,"165,372","165,372",--,--,--,--,--,--,--,2024,--
Virgin Islands,--,"22,179",--,--,--,--,--,--,--,--,2024,--
Virginia,--,"1,953,730","1,810,041",--,--,--,--,--,"2,066",--,2024,--
Washington,--,"1,984,868","1,668,042",--,--,"140,052",--,--,"1,538",--,2024,"1,846"
West Virginia,--,"533,405","407,316",--,--,--,--,"456,099",--,--,2024,--
Wisconsin,--,"1,339,124","896,034",--,"52,938",413,--,--,505,"2,752",2024,--
Wyoming,--,"73,053",--,--,--,202,--,--,--,--,2024,--